Certainty	high (>= 5)	high (>= 5)	high (>= 5)	high (>= 5)
Tactic	high (>= 5)	high (>= 5)	low (< 5)	low (< 5)
Loyalty	high (>= 5)	low (< 5)	high (>= 5)	low (< 5)
MAPE	0.08, (0.01, 1.05)	0.11, (0.01, 1.35)	0.03, (0.01, 0.05)	0.03, (0.01, 0.06)
R²	0.38, (-204.86, 0.99)	-0.11, (-345.66, 1.00)	0.94, (0.80, 0.99)	0.93, (0.75, 0.99)
Entropy	2.28, (1.26, 2.30)	2.27, (0.74, 2.30)	2.29, (2.29, 2.30)	2.30, (2.29, 2.30)
KL Divergence	0.00, (0.00, 0.90)	0.01, (0.00, 1.39)	0.00, (0.00, 0.00)	0.00, (0.00, 0.00)
Total Bulk ESS	56.01, (45.05, 314.40)	4154.02, (94.54, 17756.32)	71.48, (46.89, 482.67)	8157.05, (832.59, 34573.22)
R hat	1.95, (1.02, 3.19)	1.01, (1.00, 1.11)	1.65, (1.02, 2.98)	1.00, (1.00, 1.04)
